{"cameraMode":{"drawMode":0,"name":"Shaded","section":"Shading Mode"},"sceneLighting":true,"audioPlay":false,"sceneViewState":{"m_AlwaysRefresh":false,"showFog":true,"showSkybox":false,"showFlares":true,"showImageEffects":true,"showParticleSystems":true,"showVisualEffectGraphs":true,"m_FxEnabled":true},"in2DMode":false,"pivot":{"x":-0.6300525665283203,"y":0.7799999713897705,"z":0.7000007629394531},"rotation":{"x":-0.25888678431510928,"y":-0.08073796331882477,"z":0.021767910569906236,"w":-0.9623063206672669},"size":23.571500778198243,"orthographic":false}