{"cameraMode":{"drawMode":0,"name":"Shaded","section":"Shading Mode"},"sceneLighting":false,"audioPlay":false,"sceneViewState":{"m_AlwaysRefresh":false,"showFog":true,"showSkybox":false,"showFlares":true,"showImageEffects":true,"showParticleSystems":true,"showVisualEffectGraphs":true,"m_FxEnabled":true},"in2DMode":false,"pivot":{"x":0.7617571353912354,"y":3.2776832580566408,"z":-0.48703718185424807},"rotation":{"x":-0.25888678431510928,"y":-0.08073796331882477,"z":0.021767910569906236,"w":-0.9623063206672669},"size":15.500465393066407,"orthographic":false}